kachestvo,kollection,plotnost_po_utku,pletenie,berdo
AC,IMPERIAL,440,1/2,400
AH,ALADDIN_NEW,400,1/2,320
AX,IMPERATOR,600,1/2,400
BM,SHAGGY,350,1/2,160
BW,MAROKAND,400,1/2,400
CC,MADONNA,260,1/2,320
DB,TROYA NEW,500,1/1,480
DN,ALMIRA,260,1/2,320
DP,IRAN,860,1/2,700
DR,IMPERATOR AFGAN,600,1/2,400
DU,ZARA,380,1/2,320
EC,ROCOCO,460,1/2,400
EE,NOSTALJI,320,1/2,320
EF,PLAZA,500,1/1,400
EG,SHAGGY LAMA.,250,1/2,160
EH,ZARA KAHVE,380,1/2,320
EN,SUPER BAHOR,640,1/2,400
FB,SUPER ISTANBUL,500,1/2,400
FE,ORZU,650,1/2,400
FG,SUPER ABRISHAM.,650,1/2,400
FH,SHOH SULTON,780,1/1,480
FI,SUPER HAQEQ,500,1/2,400
FL,SUPER MADONNA,260,1/2,320
FM,KIRAZ,440,1/2,400
FN,KEHRIBAR,350,1/2,320
FQ,TEBRIZ,650,1/2,400
FT,ISFAHAN,1200,1/2,1200
FY,DIADORA,440,1/2,400
GC,SAMARKAND,550,1/1,400
GD,ARAB,440,1/2,400
GE,PIRAMIT,360,1/2,400
GG,BABY,320,1/2,400
GH,XUROSON,440,1/2,400
GI,ASIL ABRISHAM,500,1/2,400
GK,MASHHAD,1000,1/2,1000
GL,SUPER MADONNA.,250,1/2,320
GM,DINARA,440,1/2,400
GN,SHOXJAHON,780,1/1,480
GO,TAJMAHAL,550,1/1,400
GQ,BALI,400,1/2,320
GS,SHIRVANSHAX,420,1/2,400
GT,PARIS,380,1/2,400
GU,CHIMANZOR,600,1/2,400
GW,SHIRVANSHAX NEW,420,1/2,400
GY,CUKMA,1000,1/2,1000
GZ,BAMBUK,750,1/2,480
HA,SUPER YAQUT,520,1/2,480
HB,RODIN,850,1/2,480
HC,ARABIK,780,1/2,480
HD,RUZGAR,650,1/2,480
HE,REFLEKS,550,1/2,400
HG,ELEGANT,650,1/1,480
HH,ALTIN YILDIZ,260,1/2,320
HI,BAKU,300,1/2,320
HJ,QALA,250,1/2,320
HK,MICRO SHAGGY,220,1/2,160
HL,SUPER ZAMARUT,550,1/2,400
HM,SHOHSEVAN,780,1/1,480
HN,TUMARIS,1000,1/2,1000
HO,BAMBUK NEW,800,1/2,400
HP,ALADDIN.,400,1/2,320
HQ,NURKENT,550,1/2,320
HR,KERVAN NEW,380,1/2,320
HS,POLYESTER CHUKMA,500,1/2,480
HT,KARMEN,440,1/2,400
HV,SHEHREZAT,1000,1/2,1000
HW,INCI,300,1/2,320
HX,SUPER GULISTON.,420,1/2,400
HY,QALA 2,250,1/2,320
HZ,KERVAN NEW 2,380,1/2,320
IA,EMIRKHAN,860,1/2,700
IB,KIRAZ KZ,440,1/2,400
IC,VERSACE,500,1/2,480
ID,SUPER IMPERIAL,440,1/2,400
IE,DESTAN NEW,860,1/2,700
IG,GLAMOUR,400,1/2,320
IH,MASHAD NEW,400,1/2,320
II,ZARA POLYESTER,380,1/2,320
IJ,FANTAZIA NEW,280,1/2,320
IK,SHAGGY PONTE,250,1/2,160
IL,PONTE ,300,1/2,160
IF,THERAPY ,750,1/2,480
AG,SUPER GULISTON ,420,1/2,400
IM,AFRUZ,650,1/2,400
IN,JOYNAMOZ AZERI,440,1/2,400
IO,DIAMOND,500,1/2,320
IR,MALDIVES,350,1/2,320
IQ,XAN ATLAS,350,1/2,320
IT,BALI USA,300,1/2,320
IU,DASTAN,650,1/2,400
IP,SHOXSULTON POLYESTER,780,1/1,480
IV,RODIN BCF.,400,1/2,320
IX,PRESTIGE POLYESTER,300,1/2,320
IW,MADONNA POLYESTER,260,1/2,320
FO,SHIRAZ PLUS,700,1/2,400
JA,MODERN,550,1/2,320
JD,SHAGGY TRIKOLOR,400,1/2,160
JF,TROYA GREY,500,1/1,480
IY,THERAPY.,850,1/2,480
JM,VERONA,400,1/2,320
EA,PANTERA,500,1/2,400
JB,AKTUEL,650,1/2,480
AT,FAINA,440,1/2,400
BG,KASHMIR BEST,440,1/2,400
BJ,DAISY,440,1/2,400
BL,SUPER SHAGGY,380,1/2,160
CH,REYHAN,380,1/2,320
DX,VELVET,440,1/2,400
EI,TURON,1000,1/2,1000
FV,SUPER QOLIN,650,1/2,400
GF,ABRISHAM,400,1/2,320
GV,BABY (70X70),860,1/2,700
IS,MADONNA,260,1/2,320
JC,SUPER HAQEQ,500,1/2,400
JI,SUPER BAHOR ,640,1/2,420
JJ,SILK,260,1/2,320
JH,CREANTE GREY,1000,1/2,1000
JG,TRESOR GREY,900,1/2,480
JP,APHRODITE,1000,1/2,1000
JS,VERONA.,400,1/2,320
JT,ALLADIN.,400,1/2,320
JR,ELECTRA,550,1/2,320
JY,ARABIK,780,1/2,480
JX,SAUVAGE,650,1/2,320
JZ,PRESTIGE,300,1/2,320
KA,LAUREN,380,1/2,320
KB,AVENTUS,550,1/2,400
KE,NOSTALJI POLYESTER,320,1/2,320
KF,ALADDIN POLYESTER,400,1/2,320
KG,OQ SAROY,900,1/2,480
KK,ALMIRA PLUS,260,1/2,320
KL,SOPHISTIC,800,1/2,400
KN,SOPHISTIC.,650,1/2,400
KM,SANTA FE,900,1/2,480
KO,ALTIN YILDIZ,240,1/2,320
KJ,TAMERLAN,1200,1/2,1200
KQ,TROYA 3M,500,1/1,480
KP,PRADA MAVI,320,1/2,320
KS,CREANTE BEST,1200,1/2,1200
KU,SUPER SAUVAGE.,500,1/2,400
KD,MADONNA,240,1/2,320
KZ,KONGRESS,700,1/2,400
KX,PRADA CLASSIC.,280,1/2,320
LA,KONGRESS,700,1/2,320
KW,SOUVAGE NEW,650,1/2,400
KY,SANTA FE.,850,1/2,480
LC,SOFIYA,800,1/2,400
LE,KONGRES 2,750,1/2,480
LB,INFINITY BLUE,650,1/2,400
LD,VERSUS,900,1/2,480
CQ,AFROSIOB,860,1/2,700
BS,PADISHAH,380,1/2,320
CR,REGISTON,440,1/2,400
CP,SHERDOR,440,1/2,400
CY,SHEYX,380,1/2,320
BH,SULTAN GOLD,380,1/2,320
GA,KOSHON,860,1/2,700
DE,SHAGGY 5SM,860,1/2,700
FA,PALMA,260,1/2,320
DF,BAHOR,380,1/2,320
JO,SUPER HAQEQ,500,1/2,420
GR,SHOHSEVAN,780,1/1,480
EL,CHIMANZOR,600,1/2,400
AY,SAMURAI ,320,1/2,400
BP,SHAGGY MALADOR,440,1/2,400
EJ,ALMOND,380,1/2,320
BK,SUPER SHAGGY,450,1/2,160
FK,SUPER GULISTON,420,1/2,400
FF,KASHMIR FRIZE K,380,1/2,320
GB,TARONA,260,1/2,320
EP,SINGAPUR,320,1/2,400
FX,NAMUNA,320,1/2,400
DY,SHAGGY LAMA,380,1/2,320
JQ,SUPER IMPERIAL X,440,1/2,420
LF,ICEBERG,500,1/1,480
FC,EMIR,860,1/2,700
BV,FANTAZIYA,280,1/2,320
KI,DREAM,460,1/2,420
LK,AURELION,440,1/2,400
LJ,VAVILON,860,1/2,700
LI,VENUSSE,1000,1/2,1000
LH,WAHRAN,1200,1/2,1200
LG,SIRIUS,780,1/2,480
LM,LAZUR ,380,1/2,320
LN,COZY,450,1/2,320
LL,OQ SAROY,800,1/2,480
LQ,VEKTOR,400,1/2,320
LO,PELUSH,300,1/2,160
LP,PELUSH,300,1/2,160
LR,ETNO,320,1/2,160
JU,SUPER GULISTON X,420,1/2,420
LS,ETNO,260,1/2,160
LT,LORD,320,1/2,320
LU,ARMADA,900,1/2,480
LV,SOFT,200,1/2,160
LW,ROMA,780,1/2,480
KC,ZILLI X,650,1/2,420
KH,SILK,250,1/2,320
KI,DREAM1,460,1/2,420
FC,EMIR,860,1/2,700
JW,IMPERIAL X,440,1/2,420
JN,MADONNA,240,1/2,320
MA,PALERMO,600,1/2,480
LZ,ENIGMA,1200,1/2,1200
LY,TORONTO,180,1/2,160
MC,VEZIR,500,1/2,480
AJ,NASTALJI,440,1/2,400
BA,TROYA,750,1/1,480
MD,SAPFIR,380,1/2,320
DG,AFSONA,420,1/2,400
GX,NOSTALJI PLY,320,1/2,320
MB,MOVAROUNNAHR,1500,1/2,1500
MF,TEXNO,650,1/2,400
MG,FABIA ,860,1/2,700
ME,AMELIYA ,750,1/2,480
MK,VENA,500,,400
ML,NASAF,860,,700
MI,OSLO,600,,400
MJ,NOVA,240,,320
MH,NASTALJI NEW,320,1/2,320
TC,COSMOS,,,
TE,ECLIPSE32,,,
TA,KUBA,,,
TL,LOOP,,,
TM,MARVARID,,,
TP,POLO,,,
TR,RUBIN,,,
TS,SAN MARINO,,,
TT,TRAFALGAR,,,
TB,BROOKLYN,,,
MM,ATOM,550,1/2,320
MO,ELIO,320,,320
MN,PARADISE,1500,1/2,1500
MQ,MERLIN,700,,700
MR,DELI,250,,320
MP,QUEEN,1000,1/2,700
MT,ALLIANCE,320,1/2,320
MU,MADONNA,240,1/2,320
MS,DIOR,550,1/2,320
MV,ALLIANCE ,550,1/2,320
MW,ARMADA,620,1/2,700
MY,ZILLI.,650,1/2,400
NB,DIADORA.,440,1/2,400
NA,IMPERIAL.,440,1/2,400
MZ,NOVA.,240,1/2,320
NC,DINARA.,440,1/2,400
MX,KOHINUR,1200,1/2,1200
NE,VENA.,500,1/2,400
CT,ALLADIN,440,1/2,400
ND,OKTAVIA,500,1/2,480
NF,TEXNO.,650,1/2,400
NG,KVANT,550,1/2,320
NH,TEBRIZ.,650,1/2,400
NK,IRANI,750,1/2,480
MX,ANATOLIAN SILK,1200,1/2,1200
NI,PERA,750,1/2,480
NJ,VERA,440,1/2,400
NM,PRADA CLASSIC,280,1/2,320
NO,JOYNAMOZ,500,1/2,400
NN,GULISTON,700,1/1,480
NL,ADRINA,1500,1/2,1500
NP,ROYAL,1500,1/2,1500
NQ,ROLEX,1200,1/2,1200
NR,ETERNA,1200,1/2,1200
NT,GUSTO,1000,1/2,1000
NU,VOGUE,1000,1/2,1000
NS,ARIAN,1000,1/2,700
