data,zavod,stanok,pikseli
2024-01-01 00:00:00,ANTP,T01,3211482
2024-01-01 00:00:00,ANTP,T02,2549945
2024-01-01 00:00:00,ANTP,T03,4012310
2024-01-01 00:00:00,ANTP,T04,2630935
2024-01-01 00:00:00,ANTP,T05,3217110
2024-01-01 00:00:00,ANTP,T06,4267724
2024-01-01 00:00:00,ANTP,T07,2357677
2024-01-01 00:00:00,ANTP,T08,4764999
2024-01-01 00:00:00,ANTP,T09,3595585
2024-01-01 00:00:00,ANTP,T10,4112357
2024-01-01 00:00:00,ANTP,T11,3113383
2024-01-01 00:00:00,ANTP,T12,3089700
2024-01-01 00:00:00,ANTP,T13,799538
2024-01-01 00:00:00,ANTP,T14,2488082
2024-01-01 00:00:00,ANTP,T15,3137157
2024-01-01 00:00:00,ANTP,T16,1679710
2024-01-01 00:00:00,ANTP,T17,3464430
2024-01-01 00:00:00,ANTP,T18,2018079
2024-01-01 00:00:00,ANTP,T19,4126448
2024-01-01 00:00:00,ANTP,T20,1359389
2024-01-01 00:00:00,ANTP,T21,3163587
2024-01-01 00:00:00,ANTP,T22,4563418
2024-01-01 00:00:00,ANTP,T23,3049876
2024-01-01 00:00:00,ANTP,T24,2399696
2024-01-01 00:00:00,ANTP,T25,2092557
2024-01-01 00:00:00,ANTP,T26,1772560
2024-01-01 00:00:00,ANTP,T27,0
2024-01-01 00:00:00,ANTP,T28,4349349
2024-01-01 00:00:00,ANTP,T29,2406326
2024-01-01 00:00:00,ANTP,T30,2137360
2024-01-01 00:00:00,ANTP,T31,3378005
2024-01-01 00:00:00,ANTP,T32,3001508
2024-01-01 00:00:00,ANTP,T33,3506658
2024-01-01 00:00:00,ANTP,T34,401083
2024-01-01 00:00:00,ANTP,T35,0
2024-01-01 00:00:00,XIVA,T01,2679896
2024-01-01 00:00:00,XIVA,T02,3107443
2024-01-01 00:00:00,XIVA,T03,2802295
2024-01-01 00:00:00,XIVA,T04,3496135
2024-01-01 00:00:00,XIVA,T05,3456007
2024-01-01 00:00:00,XIVA,T06,2677177
2024-01-01 00:00:00,XIVA,T07,2477674
2024-01-01 00:00:00,XIVA,T08,3804330
2024-01-01 00:00:00,XIVA,T09,3778525
2024-01-01 00:00:00,XIVA,T10,3833834
2024-01-01 00:00:00,XIVA,T11,3366309
2024-01-01 00:00:00,XIVA,T12,4044937
2024-01-01 00:00:00,XIVA,T13,3207345
2024-01-01 00:00:00,XIVA,T14,3590385
2024-01-01 00:00:00,XIVA,T15,5053183
2024-01-01 00:00:00,XIVA,T16,0
2024-01-01 00:00:00,XIVA,T17,0
2024-01-01 00:00:00,XIVA,T18,0
2024-01-01 00:00:00,XIVA,T19,0
2024-02-01 00:00:00,ANTP,T01,3622249
2024-02-01 00:00:00,ANTP,T02,3873018
2024-02-01 00:00:00,ANTP,T03,2555918
2024-02-01 00:00:00,ANTP,T04,2542550
2024-02-01 00:00:00,ANTP,T05,2811540
2024-02-01 00:00:00,ANTP,T06,3648717
2024-02-01 00:00:00,ANTP,T07,2636000
2024-02-01 00:00:00,ANTP,T08,4725516
2024-02-01 00:00:00,ANTP,T09,3231659
2024-02-01 00:00:00,ANTP,T10,3099132
2024-02-01 00:00:00,ANTP,T11,3307960
2024-02-01 00:00:00,ANTP,T12,2857957
2024-02-01 00:00:00,ANTP,T13,283675
2024-02-01 00:00:00,ANTP,T14,2415541
2024-02-01 00:00:00,ANTP,T15,2870884
2024-02-01 00:00:00,ANTP,T16,2462248
2024-02-01 00:00:00,ANTP,T17,3104201
2024-02-01 00:00:00,ANTP,T18,2042491
2024-02-01 00:00:00,ANTP,T19,3675711
2024-02-01 00:00:00,ANTP,T20,3310732
2024-02-01 00:00:00,ANTP,T21,3314217
2024-02-01 00:00:00,ANTP,T22,4000947
2024-02-01 00:00:00,ANTP,T23,2950572
2024-02-01 00:00:00,ANTP,T24,2335730
2024-02-01 00:00:00,ANTP,T25,2296057
2024-02-01 00:00:00,ANTP,T26,1820794
2024-02-01 00:00:00,ANTP,T27,0
2024-02-01 00:00:00,ANTP,T28,4564287
2024-02-01 00:00:00,ANTP,T29,1746844
2024-02-01 00:00:00,ANTP,T30,2018395
2024-02-01 00:00:00,ANTP,T31,3207600
2024-02-01 00:00:00,ANTP,T32,3232833
2024-02-01 00:00:00,ANTP,T33,3482768
2024-02-01 00:00:00,ANTP,T34,1940595
2024-02-01 00:00:00,ANTP,T35,485709
2024-02-01 00:00:00,XIVA,T01,2762820
2024-02-01 00:00:00,XIVA,T02,3071662
2024-02-01 00:00:00,XIVA,T03,3312193
2024-02-01 00:00:00,XIVA,T04,3353409
2024-02-01 00:00:00,XIVA,T05,3210955
2024-02-01 00:00:00,XIVA,T06,2530336
2024-02-01 00:00:00,XIVA,T07,2414975
2024-02-01 00:00:00,XIVA,T08,3668319
2024-02-01 00:00:00,XIVA,T09,3334527
2024-02-01 00:00:00,XIVA,T10,3949144
2024-02-01 00:00:00,XIVA,T11,3481928
2024-02-01 00:00:00,XIVA,T12,4033727
2024-02-01 00:00:00,XIVA,T13,2277077
2024-02-01 00:00:00,XIVA,T14,3453658
2024-02-01 00:00:00,XIVA,T15,4749741
2024-02-01 00:00:00,XIVA,T16,0
2024-02-01 00:00:00,XIVA,T17,0
2024-02-01 00:00:00,XIVA,T18,0
2024-02-01 00:00:00,XIVA,T19,0
2024-03-01 00:00:00,ANTP,T01,3607767
2024-03-01 00:00:00,ANTP,T02,4256433
2024-03-01 00:00:00,ANTP,T03,3851543
2024-03-01 00:00:00,ANTP,T04,2745221
2024-03-01 00:00:00,ANTP,T05,2890772
2024-03-01 00:00:00,ANTP,T06,3781018
2024-03-01 00:00:00,ANTP,T07,2805400
2024-03-01 00:00:00,ANTP,T08,4934560
2024-03-01 00:00:00,ANTP,T09,3945212
2024-03-01 00:00:00,ANTP,T10,4309874
2024-03-01 00:00:00,ANTP,T11,3874600
2024-03-01 00:00:00,ANTP,T12,1807902
2024-03-01 00:00:00,ANTP,T13,758284
2024-03-01 00:00:00,ANTP,T14,3026752
2024-03-01 00:00:00,ANTP,T15,3195600
2024-03-01 00:00:00,ANTP,T16,2416393
2024-03-01 00:00:00,ANTP,T17,3911908
2024-03-01 00:00:00,ANTP,T18,1502273
2024-03-01 00:00:00,ANTP,T19,3598794
2024-03-01 00:00:00,ANTP,T20,4231182
2024-03-01 00:00:00,ANTP,T21,3222348
2024-03-01 00:00:00,ANTP,T22,4578435
2024-03-01 00:00:00,ANTP,T23,2029615
2024-03-01 00:00:00,ANTP,T24,2670538
2024-03-01 00:00:00,ANTP,T25,2779376
2024-03-01 00:00:00,ANTP,T26,1444493
2024-03-01 00:00:00,ANTP,T27,0
2024-03-01 00:00:00,ANTP,T28,4319234
2024-03-01 00:00:00,ANTP,T29,2423606
2024-03-01 00:00:00,ANTP,T30,1762634
2024-03-01 00:00:00,ANTP,T31,4202563
2024-03-01 00:00:00,ANTP,T32,3699200
2024-03-01 00:00:00,ANTP,T33,3406900
2024-03-01 00:00:00,ANTP,T34,2282710
2024-03-01 00:00:00,ANTP,T35,2605759
2024-03-01 00:00:00,XIVA,T01,2896438
2024-03-01 00:00:00,XIVA,T02,3429978
2024-03-01 00:00:00,XIVA,T03,3425960
2024-03-01 00:00:00,XIVA,T04,3460143
2024-03-01 00:00:00,XIVA,T05,3360587
2024-03-01 00:00:00,XIVA,T06,2875134
2024-03-01 00:00:00,XIVA,T07,2758591
2024-03-01 00:00:00,XIVA,T08,4169892
2024-03-01 00:00:00,XIVA,T09,3962938
2024-03-01 00:00:00,XIVA,T10,4341094
2024-03-01 00:00:00,XIVA,T11,3663057
2024-03-01 00:00:00,XIVA,T12,4226255
2024-03-01 00:00:00,XIVA,T13,2652605
2024-03-01 00:00:00,XIVA,T14,3709441
2024-03-01 00:00:00,XIVA,T15,5142914
2024-03-01 00:00:00,XIVA,T16,0
2024-03-01 00:00:00,XIVA,T17,0
2024-03-01 00:00:00,XIVA,T18,0
2024-03-01 00:00:00,XIVA,T19,0
2024-04-01 00:00:00,ANTP,T01,2609963
2024-04-01 00:00:00,ANTP,T02,3923425
2024-04-01 00:00:00,ANTP,T03,3810322
2024-04-01 00:00:00,ANTP,T04,2152135
2024-04-01 00:00:00,ANTP,T05,3164519
2024-04-01 00:00:00,ANTP,T06,3982309
2024-04-01 00:00:00,ANTP,T07,589800
2024-04-01 00:00:00,ANTP,T08,4492159
2024-04-01 00:00:00,ANTP,T09,3222308
2024-04-01 00:00:00,ANTP,T10,3657599
2024-04-01 00:00:00,ANTP,T11,2903600
2024-04-01 00:00:00,ANTP,T12,496047
2024-04-01 00:00:00,ANTP,T13,1090126
2024-04-01 00:00:00,ANTP,T14,3308877
2024-04-01 00:00:00,ANTP,T15,3579598
2024-04-01 00:00:00,ANTP,T16,2724174
2024-04-01 00:00:00,ANTP,T17,3359947
2024-04-01 00:00:00,ANTP,T18,1765772
2024-04-01 00:00:00,ANTP,T19,3080825
2024-04-01 00:00:00,ANTP,T20,3340409
2024-04-01 00:00:00,ANTP,T21,2878044
2024-04-01 00:00:00,ANTP,T22,4853068
2024-04-01 00:00:00,ANTP,T23,375594
2024-04-01 00:00:00,ANTP,T24,1982924
2024-04-01 00:00:00,ANTP,T25,2246785
2024-04-01 00:00:00,ANTP,T26,1671787
2024-04-01 00:00:00,ANTP,T27,1304890
2024-04-01 00:00:00,ANTP,T28,3039153
2024-04-01 00:00:00,ANTP,T29,2130529
2024-04-01 00:00:00,ANTP,T30,1807471
2024-04-01 00:00:00,ANTP,T31,4282469
2024-04-01 00:00:00,ANTP,T32,2754750
2024-04-01 00:00:00,ANTP,T33,3520273
2024-04-01 00:00:00,ANTP,T34,1882320
2024-04-01 00:00:00,ANTP,T35,2414399
2024-04-01 00:00:00,XIVA,T01,2418445
2024-04-01 00:00:00,XIVA,T02,960664
2024-04-01 00:00:00,XIVA,T03,3128938
2024-04-01 00:00:00,XIVA,T04,1113698
2024-04-01 00:00:00,XIVA,T05,1116617
2024-04-01 00:00:00,XIVA,T06,2539429
2024-04-01 00:00:00,XIVA,T07,897987
2024-04-01 00:00:00,XIVA,T08,3410565
2024-04-01 00:00:00,XIVA,T09,3719773
2024-04-01 00:00:00,XIVA,T10,3974595
2024-04-01 00:00:00,XIVA,T11,2895093
2024-04-01 00:00:00,XIVA,T12,3767838
2024-04-01 00:00:00,XIVA,T13,942535
2024-04-01 00:00:00,XIVA,T14,3368079
2024-04-01 00:00:00,XIVA,T15,4604318
2024-04-01 00:00:00,XIVA,T16,0
2024-04-01 00:00:00,XIVA,T17,0
2024-04-01 00:00:00,XIVA,T18,0
2024-04-01 00:00:00,XIVA,T19,0
2024-05-01 00:00:00,ANTP,T01,4214406
2024-05-01 00:00:00,ANTP,T02,4367200
2024-05-01 00:00:00,ANTP,T03,3992372
2024-05-01 00:00:00,ANTP,T04,1155264
2024-05-01 00:00:00,ANTP,T05,3045787
2024-05-01 00:00:00,ANTP,T06,4276509
2024-05-01 00:00:00,ANTP,T07,1292322
2024-05-01 00:00:00,ANTP,T08,4822189
2024-05-01 00:00:00,ANTP,T09,4033478
2024-05-01 00:00:00,ANTP,T10,3712280
2024-05-01 00:00:00,ANTP,T11,4350850
2024-05-01 00:00:00,ANTP,T12,4078404
2024-05-01 00:00:00,ANTP,T13,726464
2024-05-01 00:00:00,ANTP,T14,3395724
2024-05-01 00:00:00,ANTP,T15,3403376
2024-05-01 00:00:00,ANTP,T16,3991143
2024-05-01 00:00:00,ANTP,T17,2190789
2024-05-01 00:00:00,ANTP,T18,1261523
2024-05-01 00:00:00,ANTP,T19,2205025
2024-05-01 00:00:00,ANTP,T20,4628154
2024-05-01 00:00:00,ANTP,T21,3357383
2024-05-01 00:00:00,ANTP,T22,5195828
2024-05-01 00:00:00,ANTP,T23,0
2024-05-01 00:00:00,ANTP,T24,2028641
2024-05-01 00:00:00,ANTP,T25,2086033
2024-05-01 00:00:00,ANTP,T26,1964637
2024-05-01 00:00:00,ANTP,T27,2361103
2024-05-01 00:00:00,ANTP,T28,3923502
2024-05-01 00:00:00,ANTP,T29,2059819
2024-05-01 00:00:00,ANTP,T30,1578013
2024-05-01 00:00:00,ANTP,T31,4742115
2024-05-01 00:00:00,ANTP,T32,3453400
2024-05-01 00:00:00,ANTP,T33,1533376
2024-05-01 00:00:00,ANTP,T34,1987995
2024-05-01 00:00:00,ANTP,T35,2414817
2024-05-01 00:00:00,XIVA,T01,2742456
2024-05-01 00:00:00,XIVA,T02,3136506
2024-05-01 00:00:00,XIVA,T03,2972352
2024-05-01 00:00:00,XIVA,T04,3437634
2024-05-01 00:00:00,XIVA,T05,3624543
2024-05-01 00:00:00,XIVA,T06,2656141
2024-05-01 00:00:00,XIVA,T07,2933985
2024-05-01 00:00:00,XIVA,T08,3669507
2024-05-01 00:00:00,XIVA,T09,4174989
2024-05-01 00:00:00,XIVA,T10,3797832
2024-05-01 00:00:00,XIVA,T11,3435582
2024-05-01 00:00:00,XIVA,T12,4242340
2024-05-01 00:00:00,XIVA,T13,3534482
2024-05-01 00:00:00,XIVA,T14,3345957
2024-05-01 00:00:00,XIVA,T15,5069372
2024-05-01 00:00:00,XIVA,T16,230845
2024-05-01 00:00:00,XIVA,T17,0
2024-05-01 00:00:00,XIVA,T18,0
2024-05-01 00:00:00,XIVA,T19,0
2024-06-01 00:00:00,ANTP,T01,3288557
2024-06-01 00:00:00,ANTP,T02,3569699
2024-06-01 00:00:00,ANTP,T03,3999812
2024-06-01 00:00:00,ANTP,T04,2425633
2024-06-01 00:00:00,ANTP,T05,2354323
2024-06-01 00:00:00,ANTP,T06,2273935
2024-06-01 00:00:00,ANTP,T07,1649100
2024-06-01 00:00:00,ANTP,T08,3869700
2024-06-01 00:00:00,ANTP,T09,2659279
2024-06-01 00:00:00,ANTP,T10,3127619
2024-06-01 00:00:00,ANTP,T11,2777050
2024-06-01 00:00:00,ANTP,T12,3556300
2024-06-01 00:00:00,ANTP,T13,563569
2024-06-01 00:00:00,ANTP,T14,2785343
2024-06-01 00:00:00,ANTP,T15,2837202
2024-06-01 00:00:00,ANTP,T16,2329306
2024-06-01 00:00:00,ANTP,T17,3064919
2024-06-01 00:00:00,ANTP,T18,546428
2024-06-01 00:00:00,ANTP,T19,3377308
2024-06-01 00:00:00,ANTP,T20,2969432
2024-06-01 00:00:00,ANTP,T21,3179989
2024-06-01 00:00:00,ANTP,T22,4001521
2024-06-01 00:00:00,ANTP,T23,0
2024-06-01 00:00:00,ANTP,T24,1003103
2024-06-01 00:00:00,ANTP,T25,1911710
2024-06-01 00:00:00,ANTP,T26,1761433
2024-06-01 00:00:00,ANTP,T27,1952436
2024-06-01 00:00:00,ANTP,T28,3583590
2024-06-01 00:00:00,ANTP,T29,2054406
2024-06-01 00:00:00,ANTP,T30,1679502
2024-06-01 00:00:00,ANTP,T31,4122919
2024-06-01 00:00:00,ANTP,T32,2767185
2024-06-01 00:00:00,ANTP,T33,595958
2024-06-01 00:00:00,ANTP,T34,1687154
2024-06-01 00:00:00,ANTP,T35,2104658
2024-06-01 00:00:00,XIVA,T01,2465713
2024-06-01 00:00:00,XIVA,T02,2654344
2024-06-01 00:00:00,XIVA,T03,2707670
2024-06-01 00:00:00,XIVA,T04,2856185
2024-06-01 00:00:00,XIVA,T05,3010165
2024-06-01 00:00:00,XIVA,T06,2548479
2024-06-01 00:00:00,XIVA,T07,2432620
2024-06-01 00:00:00,XIVA,T08,3305501
2024-06-01 00:00:00,XIVA,T09,3541720
2024-06-01 00:00:00,XIVA,T10,3599892
2024-06-01 00:00:00,XIVA,T11,2975290
2024-06-01 00:00:00,XIVA,T12,3732023
2024-06-01 00:00:00,XIVA,T13,2648020
2024-06-01 00:00:00,XIVA,T14,2889562
2024-06-01 00:00:00,XIVA,T15,4524918
2024-06-01 00:00:00,XIVA,T16,3572914
2024-06-01 00:00:00,XIVA,T17,2473503
2024-06-01 00:00:00,XIVA,T18,195526
2024-06-01 00:00:00,XIVA,T19,0
2024-07-01 00:00:00,ANTP,T01,3512853
2024-07-01 00:00:00,ANTP,T02,4386609
2024-07-01 00:00:00,ANTP,T03,3352882
2024-07-01 00:00:00,ANTP,T04,2637422
2024-07-01 00:00:00,ANTP,T05,3025983
2024-07-01 00:00:00,ANTP,T06,1426171
2024-07-01 00:00:00,ANTP,T07,2370400
2024-07-01 00:00:00,ANTP,T08,4104556
2024-07-01 00:00:00,ANTP,T09,2838763
2024-07-01 00:00:00,ANTP,T10,3600483
2024-07-01 00:00:00,ANTP,T11,3579400
2024-07-01 00:00:00,ANTP,T12,4003793
2024-07-01 00:00:00,ANTP,T13,369864
2024-07-01 00:00:00,ANTP,T14,3009302
2024-07-01 00:00:00,ANTP,T15,1202298
2024-07-01 00:00:00,ANTP,T16,1097053
2024-07-01 00:00:00,ANTP,T17,3576153
2024-07-01 00:00:00,ANTP,T18,1326200
2024-07-01 00:00:00,ANTP,T19,4441901
2024-07-01 00:00:00,ANTP,T20,2990411
2024-07-01 00:00:00,ANTP,T21,2954936
2024-07-01 00:00:00,ANTP,T22,3764817
2024-07-01 00:00:00,ANTP,T23,17615
2024-07-01 00:00:00,ANTP,T24,1773658
2024-07-01 00:00:00,ANTP,T25,900471
2024-07-01 00:00:00,ANTP,T26,2120381
2024-07-01 00:00:00,ANTP,T27,2136766
2024-07-01 00:00:00,ANTP,T28,3245654
2024-07-01 00:00:00,ANTP,T29,1603075
2024-07-01 00:00:00,ANTP,T30,1969782
2024-07-01 00:00:00,ANTP,T31,4394733
2024-07-01 00:00:00,ANTP,T32,2628600
2024-07-01 00:00:00,ANTP,T33,3752621
2024-07-01 00:00:00,ANTP,T34,2353401
2024-07-01 00:00:00,ANTP,T35,2574611
2024-07-01 00:00:00,XIVA,T01,2244191
2024-07-01 00:00:00,XIVA,T02,2827936
2024-07-01 00:00:00,XIVA,T03,3211015
2024-07-01 00:00:00,XIVA,T04,3086589
2024-07-01 00:00:00,XIVA,T05,3311086
2024-07-01 00:00:00,XIVA,T06,2763163
2024-07-01 00:00:00,XIVA,T07,2346721
2024-07-01 00:00:00,XIVA,T08,3565969
2024-07-01 00:00:00,XIVA,T09,3862467
2024-07-01 00:00:00,XIVA,T10,3542952
2024-07-01 00:00:00,XIVA,T11,3526140
2024-07-01 00:00:00,XIVA,T12,4252489
2024-07-01 00:00:00,XIVA,T13,3093881
2024-07-01 00:00:00,XIVA,T14,3448746
2024-07-01 00:00:00,XIVA,T15,4707719
2024-07-01 00:00:00,XIVA,T16,3956445
2024-07-01 00:00:00,XIVA,T17,4563320
2024-07-01 00:00:00,XIVA,T18,3079693
2024-07-01 00:00:00,XIVA,T19,1554758
2024-08-01 00:00:00,ANTP,T01,3431663
2024-08-01 00:00:00,ANTP,T02,3818821
2024-08-01 00:00:00,ANTP,T03,3496498
2024-08-01 00:00:00,ANTP,T04,2439341
2024-08-01 00:00:00,ANTP,T05,3373938
2024-08-01 00:00:00,ANTP,T06,3269339
2024-08-01 00:00:00,ANTP,T07,2428600
2024-08-01 00:00:00,ANTP,T08,4508938
2024-08-01 00:00:00,ANTP,T09,4023812
2024-08-01 00:00:00,ANTP,T10,3541514
2024-08-01 00:00:00,ANTP,T11,3405676
2024-08-01 00:00:00,ANTP,T12,3801365
2024-08-01 00:00:00,ANTP,T13,195489
2024-08-01 00:00:00,ANTP,T14,3115984
2024-08-01 00:00:00,ANTP,T15,1627831
2024-08-01 00:00:00,ANTP,T16,1028929
2024-08-01 00:00:00,ANTP,T17,3457399
2024-08-01 00:00:00,ANTP,T18,2213730
2024-08-01 00:00:00,ANTP,T19,4458196
2024-08-01 00:00:00,ANTP,T20,1658845
2024-08-01 00:00:00,ANTP,T21,3326444
2024-08-01 00:00:00,ANTP,T22,4243953
2024-08-01 00:00:00,ANTP,T23,4131204
2024-08-01 00:00:00,ANTP,T24,2379831
2024-08-01 00:00:00,ANTP,T25,0
2024-08-01 00:00:00,ANTP,T26,1739420
2024-08-01 00:00:00,ANTP,T27,1353403
2024-08-01 00:00:00,ANTP,T28,3754660
2024-08-01 00:00:00,ANTP,T29,1765492
2024-08-01 00:00:00,ANTP,T30,1728544
2024-08-01 00:00:00,ANTP,T31,4459000
2024-08-01 00:00:00,ANTP,T32,2933300
2024-08-01 00:00:00,ANTP,T33,3542653
2024-08-01 00:00:00,ANTP,T34,1353343
2024-08-01 00:00:00,ANTP,T35,2004889
2024-08-01 00:00:00,XIVA,T01,2470593
2024-08-01 00:00:00,XIVA,T02,3214197
2024-08-01 00:00:00,XIVA,T03,3087540
2024-08-01 00:00:00,XIVA,T04,3115229
2024-08-01 00:00:00,XIVA,T05,3639797
2024-08-01 00:00:00,XIVA,T06,2931910
2024-08-01 00:00:00,XIVA,T07,2653109
2024-08-01 00:00:00,XIVA,T08,3406441
2024-08-01 00:00:00,XIVA,T09,4016030
2024-08-01 00:00:00,XIVA,T10,2690907
2024-08-01 00:00:00,XIVA,T11,3484178
2024-08-01 00:00:00,XIVA,T12,4760088
2024-08-01 00:00:00,XIVA,T13,3471899
2024-08-01 00:00:00,XIVA,T14,3424923
2024-08-01 00:00:00,XIVA,T15,4832382
2024-08-01 00:00:00,XIVA,T16,4311994
2024-08-01 00:00:00,XIVA,T17,4383261
2024-08-01 00:00:00,XIVA,T18,3147046
2024-08-01 00:00:00,XIVA,T19,3972615
2024-09-01 00:00:00,ANTP,T01,4253228
2024-09-01 00:00:00,ANTP,T02,4506454
2024-09-01 00:00:00,ANTP,T03,3597918
2024-09-01 00:00:00,ANTP,T04,2483410
2024-09-01 00:00:00,ANTP,T05,3477040
2024-09-01 00:00:00,ANTP,T06,3617044
2024-09-01 00:00:00,ANTP,T07,1180178
2024-09-01 00:00:00,ANTP,T08,3374021
2024-09-01 00:00:00,ANTP,T09,3584249
2024-09-01 00:00:00,ANTP,T10,2773107
2024-09-01 00:00:00,ANTP,T11,2500870
2024-09-01 00:00:00,ANTP,T12,3722735
2024-09-01 00:00:00,ANTP,T13,3197652
2024-09-01 00:00:00,ANTP,T14,2809266
2024-09-01 00:00:00,ANTP,T15,3618824
2024-09-01 00:00:00,ANTP,T16,2663668
2024-09-01 00:00:00,ANTP,T17,2590494
2024-09-01 00:00:00,ANTP,T18,2110126
2024-09-01 00:00:00,ANTP,T19,4076110
2024-09-01 00:00:00,ANTP,T20,1731901
2024-09-01 00:00:00,ANTP,T21,3466707
2024-09-01 00:00:00,ANTP,T22,4023745
2024-09-01 00:00:00,ANTP,T23,4091896
2024-09-01 00:00:00,ANTP,T24,1329048
2024-09-01 00:00:00,ANTP,T25,0
2024-09-01 00:00:00,ANTP,T26,1847722
2024-09-01 00:00:00,ANTP,T27,1389632
2024-09-01 00:00:00,ANTP,T28,3745328
2024-09-01 00:00:00,ANTP,T29,1483044
2024-09-01 00:00:00,ANTP,T30,1715705
2024-09-01 00:00:00,ANTP,T31,3843700
2024-09-01 00:00:00,ANTP,T32,3777700
2024-09-01 00:00:00,ANTP,T33,3869150
2024-09-01 00:00:00,ANTP,T34,1911689
2024-09-01 00:00:00,ANTP,T35,2562072
2024-09-01 00:00:00,XIVA,T01,2777842
2024-09-01 00:00:00,XIVA,T02,2950168
2024-09-01 00:00:00,XIVA,T03,3454924
2024-09-01 00:00:00,XIVA,T04,3591959
2024-09-01 00:00:00,XIVA,T05,3441806
2024-09-01 00:00:00,XIVA,T06,2678887
2024-09-01 00:00:00,XIVA,T07,2845247
2024-09-01 00:00:00,XIVA,T08,3278491
2024-09-01 00:00:00,XIVA,T09,3976740
2024-09-01 00:00:00,XIVA,T10,3777245
2024-09-01 00:00:00,XIVA,T11,3257247
2024-09-01 00:00:00,XIVA,T12,4638650
2024-09-01 00:00:00,XIVA,T13,3188705
2024-09-01 00:00:00,XIVA,T14,3506139
2024-09-01 00:00:00,XIVA,T15,4637011
2024-09-01 00:00:00,XIVA,T16,3539402
2024-09-01 00:00:00,XIVA,T17,4575806
2024-09-01 00:00:00,XIVA,T18,2760535
2024-09-01 00:00:00,XIVA,T19,4086293
2024-10-01 00:00:00,ANTP,T01,4551574
2024-10-01 00:00:00,ANTP,T02,4843700
2024-10-01 00:00:00,ANTP,T03,3917880
2024-10-01 00:00:00,ANTP,T04,2566687
2024-10-01 00:00:00,ANTP,T05,3695230
2024-10-01 00:00:00,ANTP,T06,4197940
2024-10-01 00:00:00,ANTP,T07,2608907
2024-10-01 00:00:00,ANTP,T08,4115107
2024-10-01 00:00:00,ANTP,T09,3701276
2024-10-01 00:00:00,ANTP,T10,3621404
2024-10-01 00:00:00,ANTP,T11,3655845
2024-10-01 00:00:00,ANTP,T12,3888560
2024-10-01 00:00:00,ANTP,T13,3993421
2024-10-01 00:00:00,ANTP,T14,2626546
2024-10-01 00:00:00,ANTP,T15,3120071
2024-10-01 00:00:00,ANTP,T16,3214991
2024-10-01 00:00:00,ANTP,T17,3382511
2024-10-01 00:00:00,ANTP,T18,2734706
2024-10-01 00:00:00,ANTP,T19,4596544
2024-10-01 00:00:00,ANTP,T20,3165777
2024-10-01 00:00:00,ANTP,T21,3580400
2024-10-01 00:00:00,ANTP,T22,4432735
2024-10-01 00:00:00,ANTP,T23,4698711
2024-10-01 00:00:00,ANTP,T24,1178254
2024-10-01 00:00:00,ANTP,T25,704467
2024-10-01 00:00:00,ANTP,T26,1234264
2024-10-01 00:00:00,ANTP,T27,1459480
2024-10-01 00:00:00,ANTP,T28,4473242
2024-10-01 00:00:00,ANTP,T29,1320890
2024-10-01 00:00:00,ANTP,T30,2351796
2024-10-01 00:00:00,ANTP,T31,4293969
2024-10-01 00:00:00,ANTP,T32,3553050
2024-10-01 00:00:00,ANTP,T33,3356558
2024-10-01 00:00:00,ANTP,T34,1607564
2024-10-01 00:00:00,ANTP,T35,2744765
2024-10-01 00:00:00,XIVA,T01,2786941
2024-10-01 00:00:00,XIVA,T02,2081406
2024-10-01 00:00:00,XIVA,T03,3209573
2024-10-01 00:00:00,XIVA,T04,2618077
2024-10-01 00:00:00,XIVA,T05,2576113
2024-10-01 00:00:00,XIVA,T06,3177470
2024-10-01 00:00:00,XIVA,T07,1643594
2024-10-01 00:00:00,XIVA,T08,3615428
2024-10-01 00:00:00,XIVA,T09,3836849
2024-10-01 00:00:00,XIVA,T10,4382480
2024-10-01 00:00:00,XIVA,T11,2743368
2024-10-01 00:00:00,XIVA,T12,4826529
2024-10-01 00:00:00,XIVA,T13,2171396
2024-10-01 00:00:00,XIVA,T14,2751743
2024-10-01 00:00:00,XIVA,T15,4952961
2024-10-01 00:00:00,XIVA,T16,4483060
2024-10-01 00:00:00,XIVA,T17,4419962
2024-10-01 00:00:00,XIVA,T18,3589016
2024-10-01 00:00:00,XIVA,T19,4106721
2024-11-01 00:00:00,ANTP,T01,4714946
2024-11-01 00:00:00,ANTP,T02,4387950
2024-11-01 00:00:00,ANTP,T03,3120901
2024-11-01 00:00:00,ANTP,T04,2277717
2024-11-01 00:00:00,ANTP,T05,4036150
2024-11-01 00:00:00,ANTP,T06,3987006
2024-11-01 00:00:00,ANTP,T07,2533344
2024-11-01 00:00:00,ANTP,T08,4046559
2024-11-01 00:00:00,ANTP,T09,4463445
2024-11-01 00:00:00,ANTP,T10,3745914
2024-11-01 00:00:00,ANTP,T11,3784566
2024-11-01 00:00:00,ANTP,T12,3597904
2024-11-01 00:00:00,ANTP,T13,3992904
2024-11-01 00:00:00,ANTP,T14,2749591
2024-11-01 00:00:00,ANTP,T15,3674249
2024-11-01 00:00:00,ANTP,T16,3686338
2024-11-01 00:00:00,ANTP,T17,3550499
2024-11-01 00:00:00,ANTP,T18,2709417
2024-11-01 00:00:00,ANTP,T19,4431719
2024-11-01 00:00:00,ANTP,T20,3262659
2024-11-01 00:00:00,ANTP,T21,2971246
2024-11-01 00:00:00,ANTP,T22,4996762
2024-11-01 00:00:00,ANTP,T23,4415871
2024-11-01 00:00:00,ANTP,T24,1830583
2024-11-01 00:00:00,ANTP,T25,2145166
2024-11-01 00:00:00,ANTP,T26,0
2024-11-01 00:00:00,ANTP,T27,2360852
2024-11-01 00:00:00,ANTP,T28,4448167
2024-11-01 00:00:00,ANTP,T29,1425622
2024-11-01 00:00:00,ANTP,T30,1323274
2024-11-01 00:00:00,ANTP,T31,3443074
2024-11-01 00:00:00,ANTP,T32,4001460
2024-11-01 00:00:00,ANTP,T33,3976282
2024-11-01 00:00:00,ANTP,T34,992906
2024-11-01 00:00:00,ANTP,T35,2215841
2024-11-01 00:00:00,XIVA,T01,1712866
2024-11-01 00:00:00,XIVA,T02,2813662
2024-11-01 00:00:00,XIVA,T03,3519706
2024-11-01 00:00:00,XIVA,T04,2898232
2024-11-01 00:00:00,XIVA,T05,3083021
2024-11-01 00:00:00,XIVA,T06,3003814
2024-11-01 00:00:00,XIVA,T07,2347719
2024-11-01 00:00:00,XIVA,T08,3562448
2024-11-01 00:00:00,XIVA,T09,3969970
2024-11-01 00:00:00,XIVA,T10,4067356
2024-11-01 00:00:00,XIVA,T11,2609386
2024-11-01 00:00:00,XIVA,T12,4747730
2024-11-01 00:00:00,XIVA,T13,2973591
2024-11-01 00:00:00,XIVA,T14,2803535
2024-11-01 00:00:00,XIVA,T15,4600564
2024-11-01 00:00:00,XIVA,T16,4408371
2024-11-01 00:00:00,XIVA,T17,4158892
2024-11-01 00:00:00,XIVA,T18,3567856
2024-11-01 00:00:00,XIVA,T19,4029573
2024-12-01 00:00:00,ANTP,T01,4205914
2024-12-01 00:00:00,ANTP,T02,4439728
2024-12-01 00:00:00,ANTP,T03,4231283
2024-12-01 00:00:00,ANTP,T04,79625
2024-12-01 00:00:00,ANTP,T05,3540103
2024-12-01 00:00:00,ANTP,T06,3983720
2024-12-01 00:00:00,ANTP,T07,2327922
2024-12-01 00:00:00,ANTP,T08,3912141
2024-12-01 00:00:00,ANTP,T09,4096561
2024-12-01 00:00:00,ANTP,T10,3529797
2024-12-01 00:00:00,ANTP,T11,4136300
2024-12-01 00:00:00,ANTP,T12,3573472
2024-12-01 00:00:00,ANTP,T13,4229373
2024-12-01 00:00:00,ANTP,T14,2422241
2024-12-01 00:00:00,ANTP,T15,3008737
2024-12-01 00:00:00,ANTP,T16,3144367
2024-12-01 00:00:00,ANTP,T17,3463268
2024-12-01 00:00:00,ANTP,T18,2620212
2024-12-01 00:00:00,ANTP,T19,3637271
2024-12-01 00:00:00,ANTP,T20,3284688
2024-12-01 00:00:00,ANTP,T21,3045769
2024-12-01 00:00:00,ANTP,T22,4182111
2024-12-01 00:00:00,ANTP,T23,3165363
2024-12-01 00:00:00,ANTP,T24,1818266
2024-12-01 00:00:00,ANTP,T25,1989512
2024-12-01 00:00:00,ANTP,T26,1049624
2024-12-01 00:00:00,ANTP,T27,2215326
2024-12-01 00:00:00,ANTP,T28,3705478
2024-12-01 00:00:00,ANTP,T29,0
2024-12-01 00:00:00,ANTP,T30,1704334
2024-12-01 00:00:00,ANTP,T31,3221804
2024-12-01 00:00:00,ANTP,T32,3679500
2024-12-01 00:00:00,ANTP,T33,551964
2024-12-01 00:00:00,ANTP,T34,2100485
2024-12-01 00:00:00,ANTP,T35,2095043
2024-12-01 00:00:00,XIVA,T01,2301813
2024-12-01 00:00:00,XIVA,T02,2957845
2024-12-01 00:00:00,XIVA,T03,3581628
2024-12-01 00:00:00,XIVA,T04,3468395
2024-12-01 00:00:00,XIVA,T05,3276392
2024-12-01 00:00:00,XIVA,T06,2701837
2024-12-01 00:00:00,XIVA,T07,2553840
2024-12-01 00:00:00,XIVA,T08,3472393
2024-12-01 00:00:00,XIVA,T09,3601376
2024-12-01 00:00:00,XIVA,T10,4255237
2024-12-01 00:00:00,XIVA,T11,2830561
2024-12-01 00:00:00,XIVA,T12,4481241
2024-12-01 00:00:00,XIVA,T13,3175266
2024-12-01 00:00:00,XIVA,T14,2951101
2024-12-01 00:00:00,XIVA,T15,4367187
2024-12-01 00:00:00,XIVA,T16,4350155
2024-12-01 00:00:00,XIVA,T17,4245235
2024-12-01 00:00:00,XIVA,T18,3459042
2024-12-01 00:00:00,XIVA,T19,3791740
2025-01-01 00:00:00,ANTP,T01,3638140
2025-01-01 00:00:00,ANTP,T02,4088212
2025-01-01 00:00:00,ANTP,T03,4371364
2025-01-01 00:00:00,ANTP,T04,1508247
2025-01-01 00:00:00,ANTP,T05,2781071
2025-01-01 00:00:00,ANTP,T06,3985729
2025-01-01 00:00:00,ANTP,T07,2444161
2025-01-01 00:00:00,ANTP,T08,3096037
2025-01-01 00:00:00,ANTP,T09,4088065
2025-01-01 00:00:00,ANTP,T10,3548673
2025-01-01 00:00:00,ANTP,T11,3561400
2025-01-01 00:00:00,ANTP,T12,3529388
2025-01-01 00:00:00,ANTP,T13,4032764
2025-01-01 00:00:00,ANTP,T14,1619479
2025-01-01 00:00:00,ANTP,T15,3050034
2025-01-01 00:00:00,ANTP,T16,2946938
2025-01-01 00:00:00,ANTP,T17,2977899
2025-01-01 00:00:00,ANTP,T18,2524350
2025-01-01 00:00:00,ANTP,T19,3015706
2025-01-01 00:00:00,ANTP,T20,3260291
2025-01-01 00:00:00,ANTP,T21,3242174
2025-01-01 00:00:00,ANTP,T22,4648663
2025-01-01 00:00:00,ANTP,T23,4169016
2025-01-01 00:00:00,ANTP,T24,1863558
2025-01-01 00:00:00,ANTP,T25,1821588
2025-01-01 00:00:00,ANTP,T26,2749526
2025-01-01 00:00:00,ANTP,T27,2327432
2025-01-01 00:00:00,ANTP,T28,3941363
2025-01-01 00:00:00,ANTP,T29,0
2025-01-01 00:00:00,ANTP,T30,1769473
2025-01-01 00:00:00,ANTP,T31,2621484
2025-01-01 00:00:00,ANTP,T32,2634900
2025-01-01 00:00:00,ANTP,T33,1697306
2025-01-01 00:00:00,ANTP,T34,1191086
2025-01-01 00:00:00,ANTP,T35,2031887
2025-01-01 00:00:00,XIVA,T01,2624081
2025-01-01 00:00:00,XIVA,T02,3117746
2025-01-01 00:00:00,XIVA,T03,2819838
2025-01-01 00:00:00,XIVA,T04,2970463
2025-01-01 00:00:00,XIVA,T05,3115415
2025-01-01 00:00:00,XIVA,T06,2757862
2025-01-01 00:00:00,XIVA,T07,2523385
2025-01-01 00:00:00,XIVA,T08,3564627
2025-01-01 00:00:00,XIVA,T09,3095553
2025-01-01 00:00:00,XIVA,T10,4119741
2025-01-01 00:00:00,XIVA,T11,2794679
2025-01-01 00:00:00,XIVA,T12,4095787
2025-01-01 00:00:00,XIVA,T13,3056817
2025-01-01 00:00:00,XIVA,T14,2632720
2025-01-01 00:00:00,XIVA,T15,4297933
2025-01-01 00:00:00,XIVA,T20,0
2025-01-01 00:00:00,XIVA,T21,0
2025-01-01 00:00:00,XIVA,T22,0
2025-01-01 00:00:00,XIVA,T23,0
2025-02-01 00:00:00,ANTP,T01,2178814
2025-02-01 00:00:00,ANTP,T02,4023094
2025-02-01 00:00:00,ANTP,T03,3395310
2025-02-01 00:00:00,ANTP,T04,2271054
2025-02-01 00:00:00,ANTP,T05,2085827
2025-02-01 00:00:00,ANTP,T06,3621610
2025-02-01 00:00:00,ANTP,T07,2159344
2025-02-01 00:00:00,ANTP,T08,3191606
2025-02-01 00:00:00,ANTP,T09,4122731
2025-02-01 00:00:00,ANTP,T10,3236500
2025-02-01 00:00:00,ANTP,T11,3745400
2025-02-01 00:00:00,ANTP,T12,3632366
2025-02-01 00:00:00,ANTP,T13,3981663
2025-02-01 00:00:00,ANTP,T14,0
2025-02-01 00:00:00,ANTP,T15,2933613
2025-02-01 00:00:00,ANTP,T16,2360867
2025-02-01 00:00:00,ANTP,T17,2907225
2025-02-01 00:00:00,ANTP,T18,1985354
2025-02-01 00:00:00,ANTP,T19,3407694
2025-02-01 00:00:00,ANTP,T20,3669194
2025-02-01 00:00:00,ANTP,T21,3047190
2025-02-01 00:00:00,ANTP,T22,4420285
2025-02-01 00:00:00,ANTP,T23,3580268
2025-02-01 00:00:00,ANTP,T24,1814736
2025-02-01 00:00:00,ANTP,T25,1237813
2025-02-01 00:00:00,ANTP,T26,2698010
2025-02-01 00:00:00,ANTP,T27,2143912
2025-02-01 00:00:00,ANTP,T28,3889612
2025-02-01 00:00:00,ANTP,T29,1462073
2025-02-01 00:00:00,ANTP,T30,1817068
2025-02-01 00:00:00,ANTP,T31,3041782
2025-02-01 00:00:00,ANTP,T32,2249415
2025-02-01 00:00:00,ANTP,T33,3761852
2025-02-01 00:00:00,ANTP,T34,1336969
2025-02-01 00:00:00,ANTP,T35,2466166
2025-02-01 00:00:00,XIVA,T01,2928832
2025-02-01 00:00:00,XIVA,T02,3104279
2025-02-01 00:00:00,XIVA,T03,3092399
2025-02-01 00:00:00,XIVA,T04,3111940
2025-02-01 00:00:00,XIVA,T05,3067525
2025-02-01 00:00:00,XIVA,T06,2807421
2025-02-01 00:00:00,XIVA,T07,1064104
2025-02-01 00:00:00,XIVA,T08,2953467
2025-02-01 00:00:00,XIVA,T09,3385595
2025-02-01 00:00:00,XIVA,T10,2997295
2025-02-01 00:00:00,XIVA,T11,2619493
2025-02-01 00:00:00,XIVA,T12,4224782
2025-02-01 00:00:00,XIVA,T13,2706920
2025-02-01 00:00:00,XIVA,T14,1334412
2025-02-01 00:00:00,XIVA,T15,4129171
2025-02-01 00:00:00,XIVA,T20,0
2025-02-01 00:00:00,XIVA,T21,0
2025-02-01 00:00:00,XIVA,T22,0
2025-02-01 00:00:00,XIVA,T23,0
2025-03-01 00:00:00,ANTP,T01,3526273
2025-03-01 00:00:00,ANTP,T02,4911652
2025-03-01 00:00:00,ANTP,T03,3816018
2025-03-01 00:00:00,ANTP,T04,2226309
2025-03-01 00:00:00,ANTP,T05,2615107
2025-03-01 00:00:00,ANTP,T06,4195685
2025-03-01 00:00:00,ANTP,T07,2488155
2025-03-01 00:00:00,ANTP,T08,4000512
2025-03-01 00:00:00,ANTP,T09,3845346
2025-03-01 00:00:00,ANTP,T10,3267358
2025-03-01 00:00:00,ANTP,T11,4108333
2025-03-01 00:00:00,ANTP,T12,4005100
2025-03-01 00:00:00,ANTP,T13,4301176
2025-03-01 00:00:00,ANTP,T14,2614107
2025-03-01 00:00:00,ANTP,T15,3605527
2025-03-01 00:00:00,ANTP,T16,1658670
2025-03-01 00:00:00,ANTP,T17,2935239
2025-03-01 00:00:00,ANTP,T18,2496500
2025-03-01 00:00:00,ANTP,T19,3995590
2025-03-01 00:00:00,ANTP,T20,4078769
2025-03-01 00:00:00,ANTP,T21,3337922
2025-03-01 00:00:00,ANTP,T22,4428084
2025-03-01 00:00:00,ANTP,T23,4056259
2025-03-01 00:00:00,ANTP,T24,1982681
2025-03-01 00:00:00,ANTP,T25,974207
2025-03-01 00:00:00,ANTP,T26,2529900
2025-03-01 00:00:00,ANTP,T27,2441923
2025-03-01 00:00:00,ANTP,T28,4451870
2025-03-01 00:00:00,ANTP,T29,2295072
2025-03-01 00:00:00,ANTP,T30,1896915
2025-03-01 00:00:00,ANTP,T31,3817828
2025-03-01 00:00:00,ANTP,T32,2886025
2025-03-01 00:00:00,ANTP,T33,4065219
2025-03-01 00:00:00,ANTP,T34,2298067
2025-03-01 00:00:00,ANTP,T35,2541734
2025-03-01 00:00:00,XIVA,T01,2929184
2025-03-01 00:00:00,XIVA,T02,3149845
2025-03-01 00:00:00,XIVA,T03,3423722
2025-03-01 00:00:00,XIVA,T04,3068712
2025-03-01 00:00:00,XIVA,T05,3014384
2025-03-01 00:00:00,XIVA,T06,2066891
2025-03-01 00:00:00,XIVA,T07,3027735
2025-03-01 00:00:00,XIVA,T08,2785347
2025-03-01 00:00:00,XIVA,T09,3673684
2025-03-01 00:00:00,XIVA,T10,4187666
2025-03-01 00:00:00,XIVA,T11,2651737
2025-03-01 00:00:00,XIVA,T12,4498549
2025-03-01 00:00:00,XIVA,T13,2374489
2025-03-01 00:00:00,XIVA,T14,2954543
2025-03-01 00:00:00,XIVA,T15,4293980
2025-03-01 00:00:00,XIVA,T20,0
2025-03-01 00:00:00,XIVA,T21,0
2025-03-01 00:00:00,XIVA,T22,0
2025-03-01 00:00:00,XIVA,T23,0
2025-04-01 00:00:00,ANTP,T01,2986530
2025-04-01 00:00:00,ANTP,T02,5026052
2025-04-01 00:00:00,ANTP,T03,3646735
2025-04-01 00:00:00,ANTP,T04,2312360
2025-04-01 00:00:00,ANTP,T05,2552994
2025-04-01 00:00:00,ANTP,T06,4178299
2025-04-01 00:00:00,ANTP,T07,2661233
2025-04-01 00:00:00,ANTP,T08,4224436
2025-04-01 00:00:00,ANTP,T09,4675303
2025-04-01 00:00:00,ANTP,T10,1545100
2025-04-01 00:00:00,ANTP,T11,2628050
2025-04-01 00:00:00,ANTP,T12,4212643
2025-04-01 00:00:00,ANTP,T13,4385479
2025-04-01 00:00:00,ANTP,T14,3783372
2025-04-01 00:00:00,ANTP,T15,3347236
2025-04-01 00:00:00,ANTP,T16,1902744
2025-04-01 00:00:00,ANTP,T17,3109244
2025-04-01 00:00:00,ANTP,T18,2517218
2025-04-01 00:00:00,ANTP,T19,3853596
2025-04-01 00:00:00,ANTP,T20,4172865
2025-04-01 00:00:00,ANTP,T21,3248210
2025-04-01 00:00:00,ANTP,T22,4386425
2025-04-01 00:00:00,ANTP,T23,4395667
2025-04-01 00:00:00,ANTP,T24,2002254
2025-04-01 00:00:00,ANTP,T25,1618108
2025-04-01 00:00:00,ANTP,T26,2933743
2025-04-01 00:00:00,ANTP,T27,2303398
2025-04-01 00:00:00,ANTP,T28,4699730
2025-04-01 00:00:00,ANTP,T29,2353584
2025-04-01 00:00:00,ANTP,T30,1892637
2025-04-01 00:00:00,ANTP,T31,3969320
2025-04-01 00:00:00,ANTP,T32,2576121
2025-04-01 00:00:00,ANTP,T33,3657415
2025-04-01 00:00:00,ANTP,T34,1827792
2025-04-01 00:00:00,ANTP,T35,2831935
2025-04-01 00:00:00,XIVA,T01,3056469
2025-04-01 00:00:00,XIVA,T02,2840042
2025-04-01 00:00:00,XIVA,T03,3341355
2025-04-01 00:00:00,XIVA,T04,3359563
2025-04-01 00:00:00,XIVA,T05,3137488
2025-04-01 00:00:00,XIVA,T06,3242825
2025-04-01 00:00:00,XIVA,T07,3315661
2025-04-01 00:00:00,XIVA,T08,3362580
2025-04-01 00:00:00,XIVA,T09,3506301
2025-04-01 00:00:00,XIVA,T10,4156696
2025-04-01 00:00:00,XIVA,T11,3033876
2025-04-01 00:00:00,XIVA,T12,4302088
2025-04-01 00:00:00,XIVA,T13,2745643
2025-04-01 00:00:00,XIVA,T14,3408984
2025-04-01 00:00:00,XIVA,T15,4454642
2025-04-01 00:00:00,XIVA,T20,0
2025-04-01 00:00:00,XIVA,T21,0
2025-04-01 00:00:00,XIVA,T22,0
2025-04-01 00:00:00,XIVA,T23,0
2025-05-01 00:00:00,ANTP,T01,3188944
2025-05-01 00:00:00,ANTP,T02,875166
2025-05-01 00:00:00,ANTP,T03,4374264
2025-05-01 00:00:00,ANTP,T04,2520100
2025-05-01 00:00:00,ANTP,T05,2932147
2025-05-01 00:00:00,ANTP,T06,4484704
2025-05-01 00:00:00,ANTP,T07,2630330
2025-05-01 00:00:00,ANTP,T08,3464682
2025-05-01 00:00:00,ANTP,T09,2041003
2025-05-01 00:00:00,ANTP,T10,2751237
2025-05-01 00:00:00,ANTP,T11,2553937
2025-05-01 00:00:00,ANTP,T12,3935672
2025-05-01 00:00:00,ANTP,T13,4377635
2025-05-01 00:00:00,ANTP,T14,3208648
2025-05-01 00:00:00,ANTP,T15,3289732
2025-05-01 00:00:00,ANTP,T16,2986229
2025-05-01 00:00:00,ANTP,T17,3337088
2025-05-01 00:00:00,ANTP,T18,2617800
2025-05-01 00:00:00,ANTP,T19,4129467
2025-05-01 00:00:00,ANTP,T20,4224860
2025-05-01 00:00:00,ANTP,T21,3448188
2025-05-01 00:00:00,ANTP,T22,4921507
2025-05-01 00:00:00,ANTP,T23,3934755
2025-05-01 00:00:00,ANTP,T24,1562091
2025-05-01 00:00:00,ANTP,T25,1086462
2025-05-01 00:00:00,ANTP,T26,2754664
2025-05-01 00:00:00,ANTP,T27,2414030
2025-05-01 00:00:00,ANTP,T28,4526635
2025-05-01 00:00:00,ANTP,T29,2016323
2025-05-01 00:00:00,ANTP,T30,1904524
2025-05-01 00:00:00,ANTP,T31,3576231
2025-05-01 00:00:00,ANTP,T32,3616260
2025-05-01 00:00:00,ANTP,T33,4095801
2025-05-01 00:00:00,ANTP,T34,2201687
2025-05-01 00:00:00,ANTP,T35,2774056
2025-05-01 00:00:00,XIVA,T01,3206726
2025-05-01 00:00:00,XIVA,T02,2935296
2025-05-01 00:00:00,XIVA,T03,2819604
2025-05-01 00:00:00,XIVA,T04,3358313
2025-05-01 00:00:00,XIVA,T05,3299121
2025-05-01 00:00:00,XIVA,T06,3036937
2025-05-01 00:00:00,XIVA,T07,3193201
2025-05-01 00:00:00,XIVA,T08,3067077
2025-05-01 00:00:00,XIVA,T09,3364324
2025-05-01 00:00:00,XIVA,T10,4543954
2025-05-01 00:00:00,XIVA,T11,2691393
2025-05-01 00:00:00,XIVA,T12,4438971
2025-05-01 00:00:00,XIVA,T13,2745151
2025-05-01 00:00:00,XIVA,T14,3638295
2025-05-01 00:00:00,XIVA,T15,4384504
2025-05-01 00:00:00,XIVA,T16,4178823
2025-06-01 00:00:00,ANTP,T01,3171858
2025-06-01 00:00:00,ANTP,T02,3436554
2025-06-01 00:00:00,ANTP,T03,3119345
2025-06-01 00:00:00,ANTP,T04,2292125
2025-06-01 00:00:00,ANTP,T05,2513807
2025-06-01 00:00:00,ANTP,T06,3937529
2025-06-01 00:00:00,ANTP,T07,1868693
2025-06-01 00:00:00,ANTP,T08,4081662
2025-06-01 00:00:00,ANTP,T09,2263470
2025-06-01 00:00:00,ANTP,T10,3885086
2025-06-01 00:00:00,ANTP,T11,2832900
2025-06-01 00:00:00,ANTP,T12,3521277
2025-06-01 00:00:00,ANTP,T13,3850497
2025-06-01 00:00:00,ANTP,T14,2647126
2025-06-01 00:00:00,ANTP,T15,2972926
2025-06-01 00:00:00,ANTP,T16,2612604
2025-06-01 00:00:00,ANTP,T17,2923338
2025-06-01 00:00:00,ANTP,T18,2214469
2025-06-01 00:00:00,ANTP,T19,4005999
2025-06-01 00:00:00,ANTP,T20,673541
2025-06-01 00:00:00,ANTP,T21,3417190
2025-06-01 00:00:00,ANTP,T22,3180265
2025-06-01 00:00:00,ANTP,T23,4054795
2025-06-01 00:00:00,ANTP,T24,1445899
2025-06-01 00:00:00,ANTP,T25,2055492
2025-06-01 00:00:00,ANTP,T26,2479902
2025-06-01 00:00:00,ANTP,T27,2132419
2025-06-01 00:00:00,ANTP,T28,4297494
2025-06-01 00:00:00,ANTP,T29,1346381
2025-06-01 00:00:00,ANTP,T30,1299996
2025-06-01 00:00:00,ANTP,T31,2985401
2025-06-01 00:00:00,ANTP,T32,2793200
2025-06-01 00:00:00,ANTP,T33,4030890
2025-06-01 00:00:00,ANTP,T34,1456450
2025-06-01 00:00:00,ANTP,T35,1708180
2025-06-01 00:00:00,XIVA,T01,2993866
2025-06-01 00:00:00,XIVA,T02,2696219
2025-06-01 00:00:00,XIVA,T03,2759820
2025-06-01 00:00:00,XIVA,T04,2997192
2025-06-01 00:00:00,XIVA,T05,2937172
2025-06-01 00:00:00,XIVA,T06,2875946
2025-06-01 00:00:00,XIVA,T07,2055240
2025-06-01 00:00:00,XIVA,T08,2754211
2025-06-01 00:00:00,XIVA,T09,2833439
2025-06-01 00:00:00,XIVA,T10,4129968
2025-06-01 00:00:00,XIVA,T11,956396
2025-06-01 00:00:00,XIVA,T12,3377971
2025-06-01 00:00:00,XIVA,T13,2737892
2025-06-01 00:00:00,XIVA,T14,3034703
2025-06-01 00:00:00,XIVA,T15,3408086
2025-06-01 00:00:00,XIVA,T16,3791060
2025-06-01 00:00:00,XIVA,T17,3057492
2025-06-01 00:00:00,XIVA,T18,2811221
2025-07-01 00:00:00,ANTP,T01,3269159
2025-07-01 00:00:00,ANTP,T02,3981170
2025-07-01 00:00:00,ANTP,T03,3279726
2025-07-01 00:00:00,ANTP,T04,2357311
2025-07-01 00:00:00,ANTP,T05,2709600
2025-07-01 00:00:00,ANTP,T06,4535720
2025-07-01 00:00:00,ANTP,T07,2302552
2025-07-01 00:00:00,ANTP,T08,4346956
2025-07-01 00:00:00,ANTP,T09,2681231
2025-07-01 00:00:00,ANTP,T10,4238887
2025-07-01 00:00:00,ANTP,T11,3825700
2025-07-01 00:00:00,ANTP,T12,3984128
2025-07-01 00:00:00,ANTP,T13,4376188
2025-07-01 00:00:00,ANTP,T14,2878987
2025-07-01 00:00:00,ANTP,T15,2619876
2025-07-01 00:00:00,ANTP,T16,3608612
2025-07-01 00:00:00,ANTP,T17,3024685
2025-07-01 00:00:00,ANTP,T18,2550585
2025-07-01 00:00:00,ANTP,T19,3338297
2025-07-01 00:00:00,ANTP,T20,1547691
2025-07-01 00:00:00,ANTP,T21,3638809
2025-07-01 00:00:00,ANTP,T22,3905665
2025-07-01 00:00:00,ANTP,T23,4481056
2025-07-01 00:00:00,ANTP,T24,595099
2025-07-01 00:00:00,ANTP,T25,1359584
2025-07-01 00:00:00,ANTP,T26,2965569
2025-07-01 00:00:00,ANTP,T27,2394219
2025-07-01 00:00:00,ANTP,T28,3597351
2025-07-01 00:00:00,ANTP,T29,1999638
2025-07-01 00:00:00,ANTP,T30,1642627
2025-07-01 00:00:00,ANTP,T31,3254894
2025-07-01 00:00:00,ANTP,T32,3233371
2025-07-01 00:00:00,ANTP,T33,3892527
2025-07-01 00:00:00,ANTP,T34,2013105
2025-07-01 00:00:00,ANTP,T35,1947033
2025-07-01 00:00:00,XIVA,T01,3291094
2025-07-01 00:00:00,XIVA,T02,3207881
2025-07-01 00:00:00,XIVA,T03,3280259
2025-07-01 00:00:00,XIVA,T04,3116514
2025-07-01 00:00:00,XIVA,T05,3036969
2025-07-01 00:00:00,XIVA,T06,2854056
2025-07-01 00:00:00,XIVA,T07,3267457
2025-07-01 00:00:00,XIVA,T08,3108120
2025-07-01 00:00:00,XIVA,T09,3317277
2025-07-01 00:00:00,XIVA,T10,4450920
2025-07-01 00:00:00,XIVA,T11,1175494
2025-07-01 00:00:00,XIVA,T12,3673237
2025-07-01 00:00:00,XIVA,T13,2997923
2025-07-01 00:00:00,XIVA,T14,3143249
2025-07-01 00:00:00,XIVA,T15,3667762
2025-07-01 00:00:00,XIVA,T16,4005215
2025-07-01 00:00:00,XIVA,T17,3465391
2025-07-01 00:00:00,XIVA,T18,3343789
2025-07-01 00:00:00,XIVA,T19,2997421
2025-08-01 00:00:00,ANTP,T01,2994989
2025-08-01 00:00:00,ANTP,T02,3919588
2025-08-01 00:00:00,ANTP,T03,3579731
2025-08-01 00:00:00,ANTP,T04,2465767
2025-08-01 00:00:00,ANTP,T05,2599768
2025-08-01 00:00:00,ANTP,T06,4375796
2025-08-01 00:00:00,ANTP,T07,2080957
2025-08-01 00:00:00,ANTP,T08,4204973
2025-08-01 00:00:00,ANTP,T09,2936316
2025-08-01 00:00:00,ANTP,T10,4098478
2025-08-01 00:00:00,ANTP,T11,4243100
2025-08-01 00:00:00,ANTP,T12,4072373
2025-08-01 00:00:00,ANTP,T13,4333366
2025-08-01 00:00:00,ANTP,T14,3818832
2025-08-01 00:00:00,ANTP,T15,3391246
2025-08-01 00:00:00,ANTP,T16,3582791
2025-08-01 00:00:00,ANTP,T17,3351073
2025-08-01 00:00:00,ANTP,T18,2608750
2025-08-01 00:00:00,ANTP,T19,3951059
2025-08-01 00:00:00,ANTP,T20,2884611
2025-08-01 00:00:00,ANTP,T21,3223924
2025-08-01 00:00:00,ANTP,T22,4360459
2025-08-01 00:00:00,ANTP,T23,3726541
2025-08-01 00:00:00,ANTP,T24,891201
2025-08-01 00:00:00,ANTP,T25,1285340
2025-08-01 00:00:00,ANTP,T26,3070840
2025-08-01 00:00:00,ANTP,T27,2390305
2025-08-01 00:00:00,ANTP,T28,4752600
2025-08-01 00:00:00,ANTP,T29,2080396
2025-08-01 00:00:00,ANTP,T30,1332189
2025-08-01 00:00:00,ANTP,T31,3981062
2025-08-01 00:00:00,ANTP,T32,3028790
2025-08-01 00:00:00,ANTP,T33,3482629
2025-08-01 00:00:00,ANTP,T34,2291951
2025-08-01 00:00:00,ANTP,T35,2716343
2025-08-01 00:00:00,XIVA,T01,3057450
2025-08-01 00:00:00,XIVA,T02,2865954
2025-08-01 00:00:00,XIVA,T03,3318543
2025-08-01 00:00:00,XIVA,T04,3060049
2025-08-01 00:00:00,XIVA,T05,2470031
2025-08-01 00:00:00,XIVA,T06,2898322
2025-08-01 00:00:00,XIVA,T07,2822656
2025-08-01 00:00:00,XIVA,T08,3228874
2025-08-01 00:00:00,XIVA,T09,3673980
2025-08-01 00:00:00,XIVA,T10,4143275
2025-08-01 00:00:00,XIVA,T11,2286166
2025-08-01 00:00:00,XIVA,T12,3488003
2025-08-01 00:00:00,XIVA,T13,2699007
2025-08-01 00:00:00,XIVA,T14,1841098
2025-08-01 00:00:00,XIVA,T15,2609515
2025-08-01 00:00:00,XIVA,T16,3685705
2025-08-01 00:00:00,XIVA,T17,3523838
2025-08-01 00:00:00,XIVA,T18,3107529
2025-08-01 00:00:00,XIVA,T19,2906099
2025-09-01 00:00:00,ANTP,T01,3106641
2025-09-01 00:00:00,ANTP,T02,4091643
2025-09-01 00:00:00,ANTP,T03,3193567
2025-09-01 00:00:00,ANTP,T04,2369842
2025-09-01 00:00:00,ANTP,T05,2461070
2025-09-01 00:00:00,ANTP,T06,4381212
2025-09-01 00:00:00,ANTP,T07,2067750
2025-09-01 00:00:00,ANTP,T08,3367264
2025-09-01 00:00:00,ANTP,T09,3036096
2025-09-01 00:00:00,ANTP,T10,3955687
2025-09-01 00:00:00,ANTP,T11,4245500
2025-09-01 00:00:00,ANTP,T12,4161300
2025-09-01 00:00:00,ANTP,T13,4248858
2025-09-01 00:00:00,ANTP,T14,3763536
2025-09-01 00:00:00,ANTP,T15,3217432
2025-09-01 00:00:00,ANTP,T16,3539354
2025-09-01 00:00:00,ANTP,T17,3082747
2025-09-01 00:00:00,ANTP,T18,2574000
2025-09-01 00:00:00,ANTP,T19,3547178
2025-09-01 00:00:00,ANTP,T20,3193626
2025-09-01 00:00:00,ANTP,T21,3266501
2025-09-01 00:00:00,ANTP,T22,4489477
2025-09-01 00:00:00,ANTP,T23,4174100
2025-09-01 00:00:00,ANTP,T24,995876
2025-09-01 00:00:00,ANTP,T25,1545727
2025-09-01 00:00:00,ANTP,T26,2992796
2025-09-01 00:00:00,ANTP,T27,2172216
2025-09-01 00:00:00,ANTP,T28,4780775
2025-09-01 00:00:00,ANTP,T29,1907185
2025-09-01 00:00:00,ANTP,T30,1607919
2025-09-01 00:00:00,ANTP,T31,3883397
2025-09-01 00:00:00,ANTP,T32,3155946
2025-09-01 00:00:00,ANTP,T33,4078694
2025-09-01 00:00:00,ANTP,T34,2042502
2025-09-01 00:00:00,ANTP,T35,2636634
2025-09-01 00:00:00,XIVA,T01,3181666
2025-09-01 00:00:00,XIVA,T02,2619559
2025-09-01 00:00:00,XIVA,T03,3123717
2025-09-01 00:00:00,XIVA,T04,2846160
2025-09-01 00:00:00,XIVA,T05,2887660
2025-09-01 00:00:00,XIVA,T06,3105716
2025-09-01 00:00:00,XIVA,T07,3385923
2025-09-01 00:00:00,XIVA,T08,3339029
2025-09-01 00:00:00,XIVA,T09,3448454
2025-09-01 00:00:00,XIVA,T10,3946913
2025-09-01 00:00:00,XIVA,T11,3063701
2025-09-01 00:00:00,XIVA,T12,4087964
2025-09-01 00:00:00,XIVA,T13,2772435
2025-09-01 00:00:00,XIVA,T14,3294099
2025-09-01 00:00:00,XIVA,T15,4388777
2025-09-01 00:00:00,XIVA,T16,3618361
2025-09-01 00:00:00,XIVA,T17,4226910
2025-09-01 00:00:00,XIVA,T18,3268427
2025-09-01 00:00:00,XIVA,T19,2932246
